"WIDTH","MOD","N_MAX","COUNT_WIDTH","VALUE_BYTES","Icarus","ICARUS_TOTAL","ICARUS_PASS","ICARUS_FAIL","REGRESSION","LUT","FF","CARRY4","LUT_LB","PNR_RUN","PACKING","Type_L","MinPlacer","PLACE","ROUTE","TIMING_STAGE","FMAX_MHZ","POST_LUT_PACKING_MHZ","POST_PLACEMENT_MHZ","POST_ROUTE_MHZ","WNS_NS","TNS_NS","BITSTREAM_FILE_COUNT","OBSERVATION_ROLE","RTL_SHA256","FORGE_LOG_SHA256","SOURCE_ARTIFACT"
"5","31","1","1","1","PASS 22/22","22","22","0","short","408","122","12","102","NO","NOT_RUN",,"NOT_RUN","NOT_RUN","NOT_RUN","NOT_RUN",,,,,,,,"ADDITIONAL_SYNTH_OBSERVATION","7e16c34d6bcf86ec8313b61ce0d2bb99b5acf41f05416d15f3194241e887d73b",,"w05/n001/config.json;w05/n001/resource_summary.json;w05/n001/icarus.log"
"5","31","3","2","1","PASS 22/22","22","22","0","short","448","124","15","112","NO","NOT_RUN",,"NOT_RUN","NOT_RUN","NOT_RUN","NOT_RUN",,,,,,,,"ADDITIONAL_SYNTH_OBSERVATION","7e16c34d6bcf86ec8313b61ce0d2bb99b5acf41f05416d15f3194241e887d73b",,"w05/n003/config.json;w05/n003/resource_summary.json;w05/n003/icarus.log"
"5","31","7","3","1","PASS 22/22","22","22","0","short","436","126","18","109","NO","NOT_RUN",,"NOT_RUN","NOT_RUN","NOT_RUN","NOT_RUN",,,,,,,,"ADDITIONAL_SYNTH_OBSERVATION","7e16c34d6bcf86ec8313b61ce0d2bb99b5acf41f05416d15f3194241e887d73b",,"w05/n007/config.json;w05/n007/resource_summary.json;w05/n007/icarus.log"
"5","31","15","4","1","PASS 22/22","22","22","0","short","457","128","20","115","YES","VERIFIED","121","SUCCESS","PLACE_FIT","PNR_COMPLETE","POST_ROUTE","51.634","12.837","53.743","51.634",,,"0","SHRUNK_FIT","7e16c34d6bcf86ec8313b61ce0d2bb99b5acf41f05416d15f3194241e887d73b","8c14fc1d7491cbba347e5a062bad4b525253546e37dbae780dad3a74c37f3ca6","w05/n015/config.json;w05/n015/resource_summary.json;w05/n015/icarus.log;w05/n015/pnr_project/forge_bitstream_log.txt;w05/n015/pnr_project/automation_result.json"
"5","31","29","5","1","PASS 22/22","22","22","0","short","441","130","25","111","YES","VERIFIED","109","SUCCESS","PLACE_FIT","PNR_COMPLETE","POST_ROUTE","54.174","12.984","56.051","54.174",,,"0","INTERRUPTED_RUN_OBSERVED","7e16c34d6bcf86ec8313b61ce0d2bb99b5acf41f05416d15f3194241e887d73b","a9b05329940cbd674d9350648198c99d08d3a741b64fd1ddc4e1a04294ccdaf8","w05/n029/config.json;w05/n029/resource_summary.json;w05/n029/icarus.log;w05/n029/pnr_project/forge_bitstream_log.txt;w05/n029/pnr_project/automation_result.json"
"5","31","30","5","1","PASS 42/42","42","42","0","full","452","130","25","113","YES","VERIFIED","149","FAIL","PLACE_FAIL","ROUTE_INCOMPLETE","POST_LUT_PACKING_ESTIMATE","12.02","12.02",,,,,"0","MAX_WORLD_FAIL","7e16c34d6bcf86ec8313b61ce0d2bb99b5acf41f05416d15f3194241e887d73b","0da5413180787825f259416a8f478974c3484d44ee4897859006b043a3bd8c00","w05/n030/config.json;w05/n030/resource_summary.json;w05/n030/icarus.log;w05/n030/pnr_project/forge_bitstream_log.txt;w05/n030/pnr_project/automation_result.json"
"6","61","60","6","1","PASS 42/42","42","42","0","full","508","141","25","127","YES","VERIFIED","138","SUCCESS","PLACE_FIT","PNR_COMPLETE","POST_ROUTE","48.757","12.966","54.732","48.757",,,"0","MAX_WORLD_FIT","7e16c34d6bcf86ec8313b61ce0d2bb99b5acf41f05416d15f3194241e887d73b","9c7742dfd988b1ed4588737e95310fb20631413ffbaf39bf20415e4a49580ee9","w06/n060/config.json;w06/n060/resource_summary.json;w06/n060/icarus.log;w06/n060/pnr_project/forge_bitstream_log.txt;w06/n060/pnr_project/automation_result.json"
"7","127","1","1","1","PASS 22/22","22","22","0","short","453","140","12","114","NO","NOT_RUN",,"NOT_RUN","NOT_RUN","NOT_RUN","NOT_RUN",,,,,,,,"ADDITIONAL_SYNTH_OBSERVATION","7e16c34d6bcf86ec8313b61ce0d2bb99b5acf41f05416d15f3194241e887d73b",,"w07/n001/config.json;w07/n001/resource_summary.json;w07/n001/icarus.log"
"7","127","3","2","1","PASS 22/22","22","22","0","short","497","142","15","125","NO","NOT_RUN",,"NOT_RUN","NOT_RUN","NOT_RUN","NOT_RUN",,,,,,,,"ADDITIONAL_SYNTH_OBSERVATION","7e16c34d6bcf86ec8313b61ce0d2bb99b5acf41f05416d15f3194241e887d73b",,"w07/n003/config.json;w07/n003/resource_summary.json;w07/n003/icarus.log"
"7","127","7","3","1","PASS 22/22","22","22","0","short","485","144","18","122","NO","NOT_RUN",,"NOT_RUN","NOT_RUN","NOT_RUN","NOT_RUN",,,,,,,,"ADDITIONAL_SYNTH_OBSERVATION","7e16c34d6bcf86ec8313b61ce0d2bb99b5acf41f05416d15f3194241e887d73b",,"w07/n007/config.json;w07/n007/resource_summary.json;w07/n007/icarus.log"
"7","127","15","4","1","PASS 22/22","22","22","0","short","526","146","20","132","NO","NOT_RUN",,"NOT_RUN","NOT_RUN","NOT_RUN","NOT_RUN",,,,,,,,"ADDITIONAL_SYNTH_OBSERVATION","7e16c34d6bcf86ec8313b61ce0d2bb99b5acf41f05416d15f3194241e887d73b",,"w07/n015/config.json;w07/n015/resource_summary.json;w07/n015/icarus.log"
"7","127","31","5","1","PASS 22/22","22","22","0","short","524","148","25","131","NO","NOT_RUN",,"NOT_RUN","NOT_RUN","NOT_RUN","NOT_RUN",,,,,,,,"ADDITIONAL_SYNTH_OBSERVATION","7e16c34d6bcf86ec8313b61ce0d2bb99b5acf41f05416d15f3194241e887d73b",,"w07/n031/config.json;w07/n031/resource_summary.json;w07/n031/icarus.log"
"7","127","63","6","1","PASS 22/22","22","22","0","short","533","150","25","134","YES","VERIFIED","139","SUCCESS","PLACE_FIT","PNR_COMPLETE","POST_ROUTE","33.118","11.46","52.108","33.118",,,"0","SHRUNK_FIT","7e16c34d6bcf86ec8313b61ce0d2bb99b5acf41f05416d15f3194241e887d73b","86f05bf0646740fb3c5362922fe926a7034442a6b341c313d9aad4e55850a967","w07/n063/config.json;w07/n063/resource_summary.json;w07/n063/icarus.log;w07/n063/pnr_project/forge_bitstream_log.txt;w07/n063/pnr_project/automation_result.json"
"7","127","125","7","1","PASS 22/22","22","22","0","short","526","152","28","132","NO","NOT_RUN",,"NOT_RUN","NOT_RUN","NOT_RUN","NOT_RUN",,,,,,,,"ADDITIONAL_SYNTH_OBSERVATION","7e16c34d6bcf86ec8313b61ce0d2bb99b5acf41f05416d15f3194241e887d73b",,"w07/n125/config.json;w07/n125/resource_summary.json;w07/n125/icarus.log"
"7","127","126","7","1","PASS 42/42","42","42","0","full","516","152","28","129","YES","VERIFIED","152","FAIL","PLACE_FAIL","ROUTE_INCOMPLETE","POST_LUT_PACKING_ESTIMATE","11.365","11.365",,,,,"0","MAX_WORLD_FAIL","7e16c34d6bcf86ec8313b61ce0d2bb99b5acf41f05416d15f3194241e887d73b","80615fd6b97948f803ec8e2ed6c800e60a00937021fa0db4a6257e02ce712354","w07/n126/config.json;w07/n126/resource_summary.json;w07/n126/icarus.log;w07/n126/pnr_project/forge_bitstream_log.txt;w07/n126/pnr_project/automation_result.json"
"8","251","1","1","1","PASS 22/22","22","22","0","short","477","149","15","120","NO","NOT_RUN",,"NOT_RUN","NOT_RUN","NOT_RUN","NOT_RUN",,,,,,,,"ADDITIONAL_SYNTH_OBSERVATION","7e16c34d6bcf86ec8313b61ce0d2bb99b5acf41f05416d15f3194241e887d73b",,"w08/n001/config.json;w08/n001/resource_summary.json;w08/n001/icarus.log"
"8","251","3","2","1","PASS 22/22","22","22","0","short","531","151","18","133","NO","NOT_RUN",,"NOT_RUN","NOT_RUN","NOT_RUN","NOT_RUN",,,,,,,,"ADDITIONAL_SYNTH_OBSERVATION","7e16c34d6bcf86ec8313b61ce0d2bb99b5acf41f05416d15f3194241e887d73b",,"w08/n003/config.json;w08/n003/resource_summary.json;w08/n003/icarus.log"
"8","251","7","3","1","PASS 22/22","22","22","0","short","534","153","21","134","YES","VERIFIED","122","SUCCESS","PLACE_FIT","PNR_COMPLETE","POST_ROUTE","45.781","10.61","50.633","45.781",,,"0","LATE_WORK5_OBSERVED_FIT","7e16c34d6bcf86ec8313b61ce0d2bb99b5acf41f05416d15f3194241e887d73b","ae5dab6773660d6f2f20f4d7b7b46ff608ecf9a70aaa402dc25258e1fd2eb786","w08/n007/config.json;w08/n007/resource_summary.json;w08/n007/icarus.log;w08/n007/pnr_project/forge_bitstream_log.txt;w08/n007/pnr_project/automation_result.json"
"8","251","14","4","1","PASS 22/22","22","22","0","short","539","155","23","135","NO","NOT_RUN",,"NOT_RUN","NOT_RUN","NOT_RUN","NOT_RUN",,,,,,,,"ADDITIONAL_SYNTH_OBSERVATION","7e16c34d6bcf86ec8313b61ce0d2bb99b5acf41f05416d15f3194241e887d73b",,"w08/n014/config.json;w08/n014/resource_summary.json;w08/n014/icarus.log"
"8","251","15","4","1","PASS 22/22","22","22","0","short","554","155","23","139","YES","VERIFIED","141","FAIL","PLACE_FAIL","ROUTE_INCOMPLETE","POST_LUT_PACKING_ESTIMATE","10.59","10.59",,,,,"0","TIER_FAIL","7e16c34d6bcf86ec8313b61ce0d2bb99b5acf41f05416d15f3194241e887d73b","37c60bf13e7cfa225fb954fad08a9e89f3cc469dab6a4716b40de8922cde333b","w08/n015/config.json;w08/n015/resource_summary.json;w08/n015/icarus.log;w08/n015/pnr_project/forge_bitstream_log.txt;w08/n015/pnr_project/automation_result.json"
"8","251","31","5","1","PASS 22/22","22","22","0","short","559","157","28","140","YES","VERIFIED","151","FAIL","PLACE_FAIL","ROUTE_INCOMPLETE","POST_LUT_PACKING_ESTIMATE","10.133","10.133",,,,,"0","TIER_FAIL","7e16c34d6bcf86ec8313b61ce0d2bb99b5acf41f05416d15f3194241e887d73b","2adbe73d5bd0beafd2f8daa53cc70cae4e8aade73690c3a001104e125820f632","w08/n031/config.json;w08/n031/resource_summary.json;w08/n031/icarus.log;w08/n031/pnr_project/forge_bitstream_log.txt;w08/n031/pnr_project/automation_result.json"
"8","251","63","6","1","PASS 22/22","22","22","0","short","551","159","28","138","YES","VERIFIED","141","FAIL","PLACE_FAIL","ROUTE_INCOMPLETE","POST_LUT_PACKING_ESTIMATE","10.576","10.576",,,,,"0","TIER_FAIL","7e16c34d6bcf86ec8313b61ce0d2bb99b5acf41f05416d15f3194241e887d73b","a15ddc38dbf0784eb968c011cdc7b5e358265c263a592ecd7afedd40ed77fca1","w08/n063/config.json;w08/n063/resource_summary.json;w08/n063/icarus.log;w08/n063/pnr_project/forge_bitstream_log.txt;w08/n063/pnr_project/automation_result.json"
"8","251","127","7","1","PASS 22/22","22","22","0","short","563","161","31","141","NO","NOT_RUN",,"NOT_RUN","SCREEN_FAIL","NOT_RUN","NOT_RUN",,,,,,,,"ADDITIONAL_SYNTH_OBSERVATION","7e16c34d6bcf86ec8313b61ce0d2bb99b5acf41f05416d15f3194241e887d73b",,"w08/n127/config.json;w08/n127/resource_summary.json;w08/n127/icarus.log"
"8","251","250","8","1","PASS 42/42","42","42","0","full","557","163","31","140","YES","VERIFIED","165","FAIL","PLACE_FAIL","ROUTE_INCOMPLETE","POST_LUT_PACKING_ESTIMATE","11.324","11.324",,,,,"0","MAX_WORLD_FAIL","7e16c34d6bcf86ec8313b61ce0d2bb99b5acf41f05416d15f3194241e887d73b","4fa69be43173de0863e9ac3e5f40b280a35a2276b0d1b99a1a33babd096f173e","w08/n250/config.json;w08/n250/resource_summary.json;w08/n250/icarus.log;w08/n250/pnr_project/forge_bitstream_log.txt;w08/n250/pnr_project/automation_result.json"
"9","509","1","1","2","PASS 22/22","22","22","0","short","550","168","20","138","NO","NOT_RUN",,"NOT_RUN","NOT_RUN","NOT_RUN","NOT_RUN",,,,,,,,"ADDITIONAL_SYNTH_OBSERVATION","7e16c34d6bcf86ec8313b61ce0d2bb99b5acf41f05416d15f3194241e887d73b",,"w09/n001/config.json;w09/n001/resource_summary.json;w09/n001/icarus.log"
"9","509","3","2","2","PASS 22/22","22","22","0","short","580","170","23","145","NO","NOT_RUN",,"NOT_RUN","SCREEN_FAIL","NOT_RUN","NOT_RUN",,,,,,,,"ADDITIONAL_SYNTH_OBSERVATION","7e16c34d6bcf86ec8313b61ce0d2bb99b5acf41f05416d15f3194241e887d73b",,"w09/n003/config.json;w09/n003/resource_summary.json;w09/n003/icarus.log"
"9","509","7","3","2","PASS 22/22","22","22","0","short","588","172","26","147","NO","NOT_RUN",,"NOT_RUN","SCREEN_FAIL","NOT_RUN","NOT_RUN",,,,,,,,"ADDITIONAL_SYNTH_OBSERVATION","7e16c34d6bcf86ec8313b61ce0d2bb99b5acf41f05416d15f3194241e887d73b",,"w09/n007/config.json;w09/n007/resource_summary.json;w09/n007/icarus.log"
"9","509","15","4","2","PASS 22/22","22","22","0","short","624","174","28","156","NO","NOT_RUN",,"NOT_RUN","SCREEN_FAIL","NOT_RUN","NOT_RUN",,,,,,,,"ADDITIONAL_SYNTH_OBSERVATION","7e16c34d6bcf86ec8313b61ce0d2bb99b5acf41f05416d15f3194241e887d73b",,"w09/n015/config.json;w09/n015/resource_summary.json;w09/n015/icarus.log"
"9","509","31","5","2","PASS 22/22","22","22","0","short","627","176","32","157","NO","NOT_RUN",,"NOT_RUN","SCREEN_FAIL","NOT_RUN","NOT_RUN",,,,,,,,"ADDITIONAL_SYNTH_OBSERVATION","7e16c34d6bcf86ec8313b61ce0d2bb99b5acf41f05416d15f3194241e887d73b",,"w09/n031/config.json;w09/n031/resource_summary.json;w09/n031/icarus.log"
"9","509","63","6","2","PASS 22/22","22","22","0","short","649","178","32","163","NO","NOT_RUN",,"NOT_RUN","SCREEN_FAIL","NOT_RUN","NOT_RUN",,,,,,,,"ADDITIONAL_SYNTH_OBSERVATION","7e16c34d6bcf86ec8313b61ce0d2bb99b5acf41f05416d15f3194241e887d73b",,"w09/n063/config.json;w09/n063/resource_summary.json;w09/n063/icarus.log"
"9","509","127","7","2","PASS 22/22","22","22","0","short","654","180","35","164","NO","NOT_RUN",,"NOT_RUN","SCREEN_FAIL","NOT_RUN","NOT_RUN",,,,,,,,"ADDITIONAL_SYNTH_OBSERVATION","7e16c34d6bcf86ec8313b61ce0d2bb99b5acf41f05416d15f3194241e887d73b",,"w09/n127/config.json;w09/n127/resource_summary.json;w09/n127/icarus.log"
"9","509","255","8","2","PASS 22/22","22","22","0","short","631","182","40","158","NO","NOT_RUN",,"NOT_RUN","SCREEN_FAIL","NOT_RUN","NOT_RUN",,,,,,,,"ADDITIONAL_SYNTH_OBSERVATION","7e16c34d6bcf86ec8313b61ce0d2bb99b5acf41f05416d15f3194241e887d73b",,"w09/n255/config.json;w09/n255/resource_summary.json;w09/n255/icarus.log"
"9","509","508","9","2","PASS 42/42","42","42","0","full","663","184","41","166","NO","NOT_RUN",,"NOT_RUN","SCREEN_FAIL","NOT_RUN","NOT_RUN",,,,,,,,"MAX_WORLD_SCREEN_FAIL","7e16c34d6bcf86ec8313b61ce0d2bb99b5acf41f05416d15f3194241e887d73b",,"w09/n508/config.json;w09/n508/resource_summary.json;w09/n508/icarus.log"
